time,pm2_5,pm10,nitrogen_dioxide,ozone
2026-09-17 00:00:00,18.2,20.0,32.8,52.0
2026-09-17 01:00:00,14.4,16.1,20.9,58.0
2026-09-17 02:00:00,12.4,14.0,12.8,59.0
2026-09-17 03:00:00,12.1,13.6,11.1,53.0
2026-09-17 04:00:00,12.2,13.7,13.2,42.0
2026-09-17 05:00:00,9.6,10.7,12.0,48.0
2026-09-17 06:00:00,11.5,12.7,12.3,48.0
2026-09-17 07:00:00,9.5,10.5,12.6,49.0
2026-09-17 08:00:00,7.5,8.6,11.9,54.0
2026-09-17 09:00:00,6.7,7.9,9.4,68.0
2026-09-17 10:00:00,6.2,7.5,6.0,86.0
2026-09-17 11:00:00,5.7,6.8,3.5,101.0
2026-09-17 12:00:00,6.1,7.1,2.4,111.0
2026-09-17 13:00:00,5.6,6.5,2.1,117.0
2026-09-17 14:00:00,5.6,6.6,3.2,119.0
2026-09-17 15:00:00,5.6,6.5,6.1,115.0
2026-09-17 16:00:00,5.8,6.8,10.3,106.0
2026-09-17 17:00:00,10.1,12.9,11.1,99.0
2026-09-17 18:00:00,13.8,16.6,16.9,83.0
2026-09-17 19:00:00,13.9,16.2,24.8,61.0
2026-09-17 20:00:00,14.3,16.5,29.8,44.0
2026-09-17 21:00:00,13.6,15.5,29.2,38.0
2026-09-17 22:00:00,12.2,13.8,25.6,37.0
2026-09-17 23:00:00,10.2,11.4,21.9,37.0
2026-09-18 00:00:00,8.5,9.5,18.6,36.0
2026-09-18 01:00:00,7.5,8.6,15.2,35.0
2026-09-18 02:00:00,7.0,8.3,12.6,34.0
2026-09-18 03:00:00,6.7,8.3,11.6,31.0
2026-09-18 04:00:00,6.6,8.6,11.5,27.0
2026-09-18 05:00:00,6.1,8.8,10.4,31.0
2026-09-18 06:00:00,7.4,10.8,10.3,31.0
2026-09-18 07:00:00,8.2,13.4,10.0,31.0
2026-09-18 08:00:00,8.5,16.2,9.3,34.0
2026-09-18 09:00:00,9.0,18.0,7.6,43.0
2026-09-18 10:00:00,9.7,19.7,5.4,56.0
2026-09-18 11:00:00,10.2,20.6,3.7,67.0
2026-09-18 12:00:00,10.4,20.5,2.9,76.0
2026-09-18 13:00:00,10.5,20.1,2.7,83.0
2026-09-18 14:00:00,10.7,19.8,3.2,86.0
2026-09-18 15:00:00,10.4,19.2,4.5,84.0
2026-09-18 16:00:00,10.4,18.6,6.6,79.0
2026-09-18 17:00:00,10.9,16.5,19.4,59.0
2026-09-18 18:00:00,17.9,22.8,29.1,45.0
2026-09-18 19:00:00,21.8,26.8,42.1,25.0
2026-09-18 20:00:00,21.0,25.3,48.9,14.0
2026-09-18 21:00:00,16.6,20.3,43.6,18.0
2026-09-18 22:00:00,14.6,17.7,32.0,30.0
2026-09-18 23:00:00,12.1,14.7,22.3,39.0
2026-09-19 00:00:00,10.2,12.2,17.4,41.0
2026-09-19 01:00:00,9.2,10.8,14.3,41.0
2026-09-19 02:00:00,8.4,9.9,12.2,39.0
2026-09-19 03:00:00,7.8,9.3,11.0,36.0
2026-09-19 04:00:00,7.3,9.0,10.8,32.0
2026-09-19 05:00:00,7.3,9.1,11.3,29.0
2026-09-19 06:00:00,8.7,10.8,10.4,32.0
2026-09-19 07:00:00,7.7,11.0,9.0,36.0
2026-09-19 08:00:00,8.1,12.8,7.6,44.0
2026-09-19 09:00:00,8.7,14.6,5.9,60.0
2026-09-19 10:00:00,9.6,16.2,4.1,80.0
2026-09-19 11:00:00,10.5,17.5,2.9,94.0
2026-09-19 12:00:00,10.6,17.4,2.6,98.0
2026-09-19 13:00:00,10.5,17.1,3.0,97.0
2026-09-19 14:00:00,9.7,15.7,4.2,93.0
2026-09-19 15:00:00,10.1,16.1,6.3,88.0
2026-09-19 16:00:00,11.5,17.8,9.4,82.0
2026-09-19 17:00:00,8.9,13.8,11.4,71.0
2026-09-19 18:00:00,17.2,21.3,22.9,55.0
2026-09-19 19:00:00,23.6,27.8,38.6,33.0
2026-09-19 20:00:00,22.9,26.6,48.8,17.0
2026-09-19 21:00:00,16.5,19.2,48.5,14.0
2026-09-19 22:00:00,15.1,17.5,42.7,18.0
2026-09-19 23:00:00,14.9,17.3,36.7,22.0
2026-09-20 00:00:00,13.0,15.5,31.9,25.0
2026-09-20 01:00:00,14.0,16.5,26.8,27.0
2026-09-20 02:00:00,12.3,14.6,22.8,29.0
2026-09-20 03:00:00,11.4,13.5,20.7,28.0
2026-09-20 04:00:00,11.3,13.5,19.5,25.0
2026-09-20 05:00:00,5.0,6.4,8.6,41.0
2026-09-20 06:00:00,6.8,8.2,11.6,36.0
2026-09-20 07:00:00,8.8,10.5,15.6,29.0
2026-09-20 08:00:00,9.3,11.4,17.6,25.0
2026-09-20 09:00:00,8.9,11.7,15.6,28.0
2026-09-20 10:00:00,8.4,11.8,11.5,34.0
2026-09-20 11:00:00,7.8,11.5,8.1,41.0
2026-09-20 12:00:00,7.0,10.5,6.3,48.0
2026-09-20 13:00:00,6.7,9.9,5.1,55.0
2026-09-20 14:00:00,6.4,9.4,4.8,61.0
2026-09-20 15:00:00,6.2,9.0,4.8,65.0
2026-09-20 16:00:00,6.0,8.4,5.7,68.0
2026-09-20 17:00:00,9.1,12.2,13.0,66.0
2026-09-20 18:00:00,18.6,21.8,27.1,49.0
2026-09-20 19:00:00,30.5,33.9,45.9,27.0
2026-09-20 20:00:00,35.5,38.6,56.3,12.0
2026-09-20 21:00:00,28.6,31.4,50.2,13.0
2026-09-20 22:00:00,17.6,20.1,35.7,22.0
2026-09-20 23:00:00,13.1,15.5,23.2,30.0
2026-09-21 00:00:00,10.2,12.3,16.5,34.0
2026-09-21 01:00:00,7.9,9.5,11.8,36.0
2026-09-21 02:00:00,6.2,7.1,8.6,38.0
2026-09-21 03:00:00,5.0,5.3,7.1,38.0
2026-09-21 04:00:00,4.3,4.5,7.1,37.0
2026-09-21 05:00:00,4.4,5.1,6.6,44.0
2026-09-21 06:00:00,5.5,6.1,8.3,42.0
2026-09-21 07:00:00,5.8,6.6,10.6,41.0
2026-09-21 08:00:00,6.2,7.1,11.4,45.0
2026-09-21 09:00:00,5.7,6.7,9.2,60.0
2026-09-21 10:00:00,5.5,6.4,5.7,80.0
2026-09-21 11:00:00,5.5,6.4,3.2,94.0
2026-09-21 12:00:00,5.8,6.9,2.7,97.0
2026-09-21 13:00:00,6.0,7.2,3.4,94.0
2026-09-21 14:00:00,6.5,7.7,5.3,88.0
2026-09-21 15:00:00,8.3,9.3,9.1,80.0
2026-09-21 16:00:00,7.9,8.6,14.1,69.0
2026-09-21 17:00:00,9.6,10.1,24.9,63.0
2026-09-21 18:00:00,11.8,12.2,25.7,55.0
2026-09-21 19:00:00,9.9,10.1,26.9,44.0
2026-09-21 20:00:00,9.8,10.0,28.1,35.0
2026-09-21 21:00:00,12.4,12.8,30.1,29.0
2026-09-21 22:00:00,13.6,14.2,32.2,25.0
2026-09-21 23:00:00,13.1,13.8,31.9,23.0
2026-09-22 00:00:00,11.9,12.4,27.1,26.0
2026-09-22 01:00:00,11.4,11.8,20.0,31.0
2026-09-22 02:00:00,11.1,11.3,14.2,36.0
2026-09-22 03:00:00,10.0,10.2,11.3,38.0
2026-09-22 04:00:00,8.8,9.1,9.7,40.0
2026-09-22 05:00:00,5.2,5.7,10.6,38.0
2026-09-22 06:00:00,5.7,6.5,11.5,37.0
2026-09-22 07:00:00,6.9,8.2,12.7,37.0
2026-09-22 08:00:00,7.3,9.1,12.8,39.0
2026-09-22 09:00:00,6.7,9.4,10.6,46.0
2026-09-22 10:00:00,6.9,10.4,7.3,55.0
2026-09-22 11:00:00,7.5,11.7,5.0,63.0
2026-09-22 12:00:00,8.1,12.9,4.5,67.0
2026-09-22 13:00:00,8.6,13.9,5.0,69.0
2026-09-22 14:00:00,9.2,14.8,6.9,69.0
2026-09-22 15:00:00,10.1,15.6,11.1,65.0
2026-09-22 16:00:00,11.7,16.9,16.7,58.0
2026-09-22 17:00:00,11.4,16.6,17.4,67.0
2026-09-22 18:00:00,13.7,18.1,22.2,59.0
2026-09-22 19:00:00,16.2,20.7,28.6,48.0
2026-09-22 20:00:00,16.9,21.7,31.4,41.0
2026-09-22 21:00:00,16.2,21.7,27.3,43.0
2026-09-22 22:00:00,15.7,21.8,19.6,49.0
2026-09-22 23:00:00,14.0,20.3,13.2,54.0
2026-09-23 00:00:00,12.5,18.9,10.0,55.0
2026-09-23 01:00:00,11.1,17.5,8.1,55.0
2026-09-23 02:00:00,10.0,16.6,6.8,54.0
2026-09-23 03:00:00,9.4,16.2,5.9,52.0
2026-09-23 04:00:00,8.9,15.9,5.5,48.0
2026-09-23 05:00:00,7.8,14.3,5.9,46.0
2026-09-23 06:00:00,8.2,14.4,8.1,42.0
2026-09-23 07:00:00,8.9,14.6,11.0,38.0
2026-09-23 08:00:00,9.3,15.9,12.3,38.0
2026-09-23 09:00:00,9.4,16.6,10.5,48.0
2026-09-23 10:00:00,9.9,17.8,7.0,63.0
2026-09-23 11:00:00,10.4,18.5,4.4,75.0
2026-09-23 12:00:00,10.9,18.7,3.3,83.0
2026-09-23 13:00:00,11.0,18.6,2.9,88.0
2026-09-23 14:00:00,15.2,26.0,3.8,91.0
2026-09-23 15:00:00,10.6,17.4,6.8,90.0
2026-09-23 16:00:00,10.9,16.4,10.9,86.0
2026-09-23 17:00:00,12.5,19.5,12.1,81.0
2026-09-23 18:00:00,17.3,25.7,13.0,80.0
2026-09-23 19:00:00,17.0,23.9,14.1,78.0
2026-09-23 20:00:00,16.6,23.2,14.4,75.0
2026-09-23 21:00:00,16.4,22.8,13.2,71.0
2026-09-23 22:00:00,16.2,22.7,11.2,65.0
2026-09-23 23:00:00,15.3,21.7,9.3,61.0
2026-09-24 00:00:00,12.7,17.9,7.8,58.0
2026-09-24 01:00:00,11.0,15.5,6.5,56.0
2026-09-24 02:00:00,9.7,13.8,5.6,54.0
2026-09-24 03:00:00,8.8,12.4,5.1,52.0
2026-09-24 04:00:00,8.0,11.2,5.0,51.0
2026-09-24 05:00:00,7.7,10.7,5.2,51.0
2026-09-24 06:00:00,7.8,10.6,6.0,51.0
2026-09-24 07:00:00,8.3,11.0,7.0,53.0
2026-09-24 08:00:00,6.9,9.3,7.3,57.0
2026-09-24 09:00:00,6.1,8.3,6.0,67.0
2026-09-24 10:00:00,6.0,8.1,4.0,80.0
2026-09-24 11:00:00,5.6,7.8,2.7,89.0
2026-09-24 12:00:00,5.6,7.9,2.4,91.0
2026-09-24 13:00:00,5.7,8.0,2.8,90.0
2026-09-24 14:00:00,6.5,9.0,4.1,87.0
2026-09-24 15:00:00,7.4,9.8,7.0,84.0
2026-09-24 16:00:00,7.9,10.3,10.7,80.0
2026-09-24 17:00:00,8.2,10.4,13.1,76.0
2026-09-24 18:00:00,8.9,11.2,12.8,72.0
2026-09-24 19:00:00,9.9,12.7,11.1,67.0
2026-09-24 20:00:00,9.5,12.5,9.7,63.0
2026-09-24 21:00:00,8.3,10.7,9.4,58.0
2026-09-24 22:00:00,6.3,7.6,9.3,53.0
2026-09-24 23:00:00,4.9,5.8,8.9,50.0
2026-09-25 00:00:00,3.6,4.2,7.5,50.0
2026-09-25 01:00:00,2.9,3.4,5.7,52.0
2026-09-25 02:00:00,2.3,2.7,4.5,53.0
2026-09-25 03:00:00,2.1,2.4,4.2,52.0
2026-09-25 04:00:00,2.0,2.3,4.4,51.0
2026-09-25 05:00:00,2.1,2.3,4.9,50.0
2026-09-25 06:00:00,2.7,2.8,6.0,49.0
2026-09-25 07:00:00,3.7,3.8,7.5,49.0
2026-09-25 08:00:00,3.0,3.1,8.0,52.0
2026-09-25 09:00:00,2.4,2.5,6.7,62.0
2026-09-25 10:00:00,2.3,2.4,4.6,75.0
2026-09-25 11:00:00,2.4,2.4,3.2,85.0
2026-09-25 12:00:00,2.5,2.7,3.0,88.0
2026-09-25 13:00:00,3.0,3.3,3.5,87.0
2026-09-25 14:00:00,3.5,3.7,4.9,85.0
2026-09-25 15:00:00,4.2,4.4,7.9,80.0
2026-09-25 16:00:00,4.4,4.5,11.9,74.0
2026-09-25 17:00:00,4.1,4.2,14.8,68.0
2026-09-25 18:00:00,5.1,5.2,16.0,63.0
2026-09-25 19:00:00,5.5,5.6,16.2,59.0
2026-09-25 20:00:00,5.2,5.3,15.7,55.0
2026-09-25 21:00:00,5.0,5.2,14.4,53.0
2026-09-25 22:00:00,4.8,5.0,12.4,52.0
2026-09-25 23:00:00,4.3,4.5,10.4,51.0
2026-09-26 00:00:00,3.7,3.8,8.4,51.0
2026-09-26 01:00:00,3.1,3.3,6.3,53.0
2026-09-26 02:00:00,2.7,2.9,4.8,53.0
2026-09-26 03:00:00,2.3,2.6,4.2,52.0
2026-09-26 04:00:00,2.1,2.4,4.2,49.0
2026-09-26 05:00:00,2.0,2.2,4.6,48.0
2026-09-26 06:00:00,2.4,2.6,5.6,47.0
2026-09-26 07:00:00,2.4,2.6,7.0,47.0
2026-09-26 08:00:00,2.8,3.1,7.5,51.0
2026-09-26 09:00:00,3.5,4.4,6.3,62.0
2026-09-26 10:00:00,4.3,5.8,4.2,78.0
2026-09-26 11:00:00,5.4,8.0,2.7,90.0
2026-09-26 12:00:00,6.5,10.4,1.9,98.0
2026-09-26 13:00:00,7.3,12.0,1.6,103.0
2026-09-26 14:00:00,7.7,12.7,3.2,103.0
2026-09-26 15:00:00,7.8,12.9,8.1,95.0
2026-09-26 16:00:00,7.9,12.3,15.0,81.0
2026-09-26 17:00:00,10.2,13.2,20.5,70.0
2026-09-26 18:00:00,12.0,14.8,23.9,63.0
2026-09-26 19:00:00,13.2,16.1,26.0,57.0
2026-09-26 20:00:00,12.5,15.1,26.3,54.0
2026-09-26 21:00:00,11.7,13.7,23.9,54.0
2026-09-26 22:00:00,11.2,13.1,19.7,57.0
2026-09-26 23:00:00,10.0,11.6,15.9,59.0
2026-09-27 00:00:00,8.6,10.0,13.0,59.0
2026-09-27 01:00:00,7.9,9.4,10.6,57.0
2026-09-27 02:00:00,7.6,9.1,8.9,55.0
2026-09-27 03:00:00,7.5,9.2,8.5,51.0
2026-09-27 04:00:00,7.8,9.5,9.0,47.0
2026-09-27 05:00:00,8.5,10.5,9.3,45.0
2026-09-27 06:00:00,10.1,12.4,9.2,47.0
2026-09-27 07:00:00,10.7,13.4,8.9,52.0
2026-09-27 08:00:00,11.0,14.4,8.1,61.0
2026-09-27 09:00:00,11.6,16.4,6.3,76.0
2026-09-27 10:00:00,11.7,17.8,4.0,93.0
2026-09-27 11:00:00,11.3,18.8,2.3,107.0
2026-09-27 12:00:00,10.9,19.0,1.4,114.0
2026-09-27 13:00:00,10.5,18.1,1.2,116.0
2026-09-27 14:00:00,10.2,17.5,2.3,115.0
2026-09-27 15:00:00,10.1,17.1,4.0,110.0
2026-09-27 16:00:00,10.0,16.5,7.0,101.0
2026-09-27 17:00:00,12.1,17.6,13.9,88.0
2026-09-27 18:00:00,19.8,25.7,28.7,66.0
2026-09-27 19:00:00,27.4,34.1,47.4,38.0
2026-09-27 20:00:00,32.7,39.7,61.1,18.0
2026-09-27 21:00:00,38.1,45.4,65.8,10.0
2026-09-27 22:00:00,43.0,50.4,65.5,8.0
2026-09-27 23:00:00,45.9,53.4,63.2,8.0
2026-09-28 00:00:00,46.9,54.2,59.3,8.0
2026-09-28 01:00:00,44.6,51.3,53.3,9.0
2026-09-28 02:00:00,40.2,46.4,47.7,11.0
2026-09-28 03:00:00,35.4,41.2,43.3,11.0
2026-09-28 04:00:00,30.4,35.7,39.1,11.0
2026-09-28 05:00:00,26.8,31.7,34.5,16.0
2026-09-28 06:00:00,27.7,32.2,29.1,26.0
2026-09-28 07:00:00,24.2,27.8,23.3,41.0
2026-09-28 08:00:00,18.9,23.7,17.8,60.0
2026-09-28 09:00:00,16.9,23.6,12.5,87.0
2026-09-28 10:00:00,16.1,23.9,7.6,119.0
2026-09-28 11:00:00,16.2,23.9,4.2,143.0
2026-09-28 12:00:00,15.9,23.1,2.9,155.0
2026-09-28 13:00:00,15.7,22.0,3.1,160.0
2026-09-28 14:00:00,16.6,22.8,4.2,163.0
2026-09-28 15:00:00,16.5,22.2,6.4,163.0
2026-09-28 16:00:00,17.0,22.6,9.5,161.0
2026-09-28 17:00:00,18.7,24.7,11.7,159.0
2026-09-28 18:00:00,,,,
2026-09-28 19:00:00,,,,
2026-09-28 20:00:00,,,,
2026-09-28 21:00:00,,,,
2026-09-28 22:00:00,,,,
2026-09-28 23:00:00,,,,
