time,pm2_5,pm10,nitrogen_dioxide,ozone,sulphur_dioxide,carbon_monoxide
2026-08-25 00:00:00,89.2,98.0,77.8,19.0,47.7,1014.0
2026-08-25 01:00:00,89.4,99.2,75.2,22.0,46.4,859.0
2026-08-25 02:00:00,78.9,87.1,70.4,26.0,44.3,766.0
2026-08-25 03:00:00,66.1,74.3,62.7,30.0,40.7,710.0
2026-08-25 04:00:00,46.3,52.6,52.9,36.0,36.2,717.0
2026-08-25 05:00:00,61.5,74.5,37.1,53.0,31.3,775.0
2026-08-25 06:00:00,64.5,76.8,39.8,54.0,34.7,929.0
2026-08-25 07:00:00,65.2,79.9,43.3,57.0,39.5,1136.0
2026-08-25 08:00:00,67.1,84.1,43.5,74.0,43.5,1254.0
2026-08-25 09:00:00,62.6,84.8,37.5,115.0,46.4,1203.0
2026-08-25 10:00:00,57.9,84.1,28.3,169.0,48.6,1064.0
2026-08-25 11:00:00,60.5,93.1,20.6,214.0,49.2,933.0
2026-08-25 12:00:00,62.6,94.1,15.7,244.0,47.4,832.0
2026-08-25 13:00:00,65.2,95.9,12.3,264.0,44.0,740.0
2026-08-25 14:00:00,69.4,102.0,11.2,274.0,41.0,690.0
2026-08-25 15:00:00,71.0,103.6,9.4,274.0,38.1,640.0
2026-08-25 16:00:00,72.2,105.9,9.8,262.0,35.6,634.0
2026-08-25 17:00:00,50.8,60.8,29.9,166.0,38.6,832.0
2026-08-25 18:00:00,52.4,60.1,35.6,143.0,40.2,1471.0
2026-08-25 19:00:00,57.4,63.3,43.7,112.0,42.5,2316.0
2026-08-25 20:00:00,67.3,71.9,51.4,84.0,45.5,2819.0
2026-08-25 21:00:00,78.0,81.5,58.2,65.0,49.6,2684.0
2026-08-25 22:00:00,88.0,91.3,64.6,49.0,54.4,2208.0
2026-08-25 23:00:00,97.3,100.4,69.5,37.0,58.3,1736.0
2026-08-26 00:00:00,103.6,106.4,72.0,29.0,60.5,1350.0
2026-08-26 01:00:00,109.4,112.0,72.9,23.0,61.8,968.0
2026-08-26 02:00:00,115.3,117.8,73.8,19.0,62.9,690.0
2026-08-26 03:00:00,120.1,122.5,76.4,10.0,63.7,564.0
2026-08-26 04:00:00,125.3,128.5,78.9,1.0,64.4,541.0
2026-08-26 05:00:00,95.9,97.1,52.5,36.0,63.1,574.0
2026-08-26 06:00:00,105.2,106.4,49.8,57.0,66.4,691.0
2026-08-26 07:00:00,98.5,100.1,45.7,88.0,70.8,864.0
2026-08-26 08:00:00,82.9,86.6,40.2,124.0,72.7,964.0
2026-08-26 09:00:00,66.1,72.6,32.0,169.0,70.0,912.0
2026-08-26 10:00:00,62.9,72.2,22.4,220.0,64.8,786.0
2026-08-26 11:00:00,65.9,77.8,14.9,261.0,59.5,698.0
2026-08-26 12:00:00,71.5,85.9,10.8,289.0,54.8,694.0
2026-08-26 13:00:00,77.3,93.6,8.9,307.0,49.9,727.0
2026-08-26 14:00:00,78.5,96.2,9.2,311.0,45.5,764.0
2026-08-26 15:00:00,78.9,97.3,10.4,297.0,40.7,736.0
2026-08-26 16:00:00,78.7,102.7,13.7,268.0,36.2,712.0
2026-08-26 17:00:00,90.8,134.1,36.8,186.0,43.9,860.0
2026-08-26 18:00:00,94.8,118.0,54.1,146.0,46.2,1389.0
2026-08-26 19:00:00,111.1,129.5,77.6,90.0,49.2,2090.0
2026-08-26 20:00:00,119.0,135.5,92.3,49.0,50.8,2509.0
2026-08-26 21:00:00,117.1,147.1,89.9,36.0,49.8,2391.0
2026-08-26 22:00:00,112.5,176.0,78.7,37.0,47.4,1991.0
2026-08-26 23:00:00,106.2,185.3,68.1,39.0,44.2,1620.0
2026-08-27 00:00:00,98.7,176.5,61.0,37.0,39.9,1374.0
2026-08-27 01:00:00,91.7,156.9,54.5,36.0,34.9,1157.0
2026-08-27 02:00:00,85.0,147.1,49.5,34.0,31.1,989.0
2026-08-27 03:00:00,82.2,140.6,46.7,30.0,29.0,877.0
2026-08-27 04:00:00,81.0,122.5,45.4,25.0,28.2,815.0
2026-08-27 05:00:00,72.4,98.7,39.4,33.0,28.2,800.0
2026-08-27 06:00:00,77.3,96.2,39.9,39.0,31.6,866.0
2026-08-27 07:00:00,74.7,103.8,40.4,48.0,36.4,980.0
2026-08-27 08:00:00,69.2,94.3,39.2,67.0,40.4,1038.0
2026-08-27 09:00:00,61.9,86.1,34.9,102.0,43.2,975.0
2026-08-27 10:00:00,60.1,85.2,28.9,147.0,45.3,855.0
2026-08-27 11:00:00,61.2,85.9,23.7,185.0,46.0,774.0
2026-08-27 12:00:00,60.5,84.3,19.5,213.0,44.9,781.0
2026-08-27 13:00:00,64.0,88.2,16.0,233.0,42.5,825.0
2026-08-27 14:00:00,65.7,97.6,15.0,244.0,39.8,852.0
2026-08-27 15:00:00,66.4,94.3,15.7,243.0,36.2,759.0
2026-08-27 16:00:00,63.1,87.8,18.9,232.0,32.3,648.0
2026-08-27 17:00:00,60.8,79.6,28.3,209.0,31.1,771.0
2026-08-27 18:00:00,70.8,84.5,50.1,166.0,34.9,1386.0
2026-08-27 19:00:00,86.6,98.7,78.1,112.0,41.5,2234.0
2026-08-27 20:00:00,95.9,110.1,97.7,70.0,46.8,2792.0
2026-08-27 21:00:00,97.6,111.5,101.1,52.0,49.6,2811.0
2026-08-27 22:00:00,102.2,111.5,96.0,46.0,51.2,2539.0
2026-08-27 23:00:00,106.4,115.3,90.7,42.0,51.8,2194.0
2026-08-28 00:00:00,108.7,119.7,88.2,35.0,51.5,1800.0
2026-08-28 01:00:00,112.7,126.2,85.3,29.0,50.3,1332.0
2026-08-28 02:00:00,114.8,132.7,81.2,24.0,47.9,933.0
2026-08-28 03:00:00,114.6,140.2,75.5,17.0,44.0,632.0
2026-08-28 04:00:00,112.7,149.9,68.4,11.0,39.0,400.0
2026-08-28 05:00:00,54.6,116.6,31.1,47.0,26.1,290.0
2026-08-28 06:00:00,51.3,109.9,29.1,52.0,23.1,393.0
2026-08-28 07:00:00,51.9,105.9,26.1,60.0,19.0,618.0
2026-08-28 08:00:00,53.9,136.0,22.3,73.0,15.8,740.0
2026-08-28 09:00:00,66.1,246.8,17.0,97.0,14.5,632.0
2026-08-28 10:00:00,79.6,330.6,11.0,126.0,14.1,421.0
2026-08-28 11:00:00,93.1,408.9,6.6,148.0,13.9,262.0
2026-08-28 12:00:00,104.5,489.9,4.4,157.0,13.7,215.0
2026-08-28 13:00:00,108.5,514.1,3.8,157.0,13.7,221.0
2026-08-28 14:00:00,119.0,609.1,5.4,153.0,13.8,255.0
2026-08-28 15:00:00,126.2,666.8,8.9,144.0,13.7,277.0
2026-08-28 16:00:00,130.4,687.3,14.5,130.0,13.7,327.0
2026-08-28 17:00:00,118.5,577.4,21.5,106.0,14.3,509.0
2026-08-28 18:00:00,124.8,517.8,39.3,82.0,20.6,982.0
2026-08-28 19:00:00,141.6,564.4,63.9,48.0,29.5,1585.0
2026-08-28 20:00:00,160.7,588.6,83.1,21.0,37.2,1942.0
2026-08-28 21:00:00,170.9,573.7,92.3,9.0,43.1,1846.0
2026-08-28 22:00:00,177.9,556.9,96.1,4.0,47.8,1503.0
2026-08-28 23:00:00,177.4,517.8,96.2,1.0,49.3,1156.0
2026-08-29 00:00:00,165.3,458.2,92.5,0.0,46.0,858.0
2026-08-29 01:00:00,146.7,383.7,85.2,1.0,39.4,556.0
2026-08-29 02:00:00,124.8,303.6,75.7,4.0,32.7,336.0
2026-08-29 03:00:00,102.7,263.6,63.3,9.0,26.1,247.0
2026-08-29 04:00:00,85.0,266.4,48.8,16.0,19.4,240.0
2026-08-29 05:00:00,81.5,380.9,21.7,38.0,10.0,259.0
2026-08-29 06:00:00,85.4,424.7,20.4,45.0,10.4,305.0
2026-08-29 07:00:00,95.2,489.9,18.4,55.0,11.1,376.0
2026-08-29 08:00:00,103.8,542.0,15.9,70.0,11.7,412.0
2026-08-29 09:00:00,111.5,599.8,12.5,92.0,12.3,374.0
2026-08-29 10:00:00,118.7,642.6,8.5,119.0,12.8,300.0
2026-08-29 11:00:00,122.9,663.1,5.7,139.0,13.4,244.0
2026-08-29 12:00:00,122.0,648.2,4.1,150.0,13.9,225.0
2026-08-29 13:00:00,120.1,629.6,3.5,154.0,14.5,224.0
2026-08-29 14:00:00,118.5,612.8,5.3,152.0,14.9,241.0
2026-08-29 15:00:00,117.1,603.5,9.5,142.0,14.8,257.0
2026-08-29 16:00:00,114.6,577.4,16.0,124.0,14.7,291.0
2026-08-29 17:00:00,91.0,419.1,20.0,106.0,13.4,398.0
2026-08-29 18:00:00,95.7,352.0,36.1,82.0,18.3,674.0
2026-08-29 19:00:00,108.7,364.1,58.3,50.0,25.0,1022.0
2026-08-29 20:00:00,120.1,372.5,75.7,24.0,30.9,1213.0
2026-08-29 21:00:00,128.1,366.9,84.2,12.0,35.5,1105.0
2026-08-29 22:00:00,136.0,357.6,87.9,6.0,39.1,839.0
2026-08-29 23:00:00,136.9,341.8,87.6,4.0,39.9,605.0
2026-08-30 00:00:00,130.4,320.4,83.0,4.0,36.0,467.0
2026-08-30 01:00:00,117.6,297.1,74.3,7.0,29.2,361.0
2026-08-30 02:00:00,98.7,295.2,63.7,12.0,22.9,285.0
2026-08-30 03:00:00,82.7,303.6,49.7,19.0,17.9,245.0
2026-08-30 04:00:00,72.2,299.0,33.7,28.0,13.4,235.0
2026-08-30 05:00:00,80.8,421.0,16.7,46.0,8.7,239.0
2026-08-30 06:00:00,84.3,440.5,15.5,53.0,9.6,262.0
2026-08-30 07:00:00,95.2,476.8,13.7,63.0,10.8,299.0
2026-08-30 08:00:00,101.5,530.9,11.7,76.0,11.8,315.0
2026-08-30 09:00:00,108.0,571.8,9.2,94.0,12.3,289.0
2026-08-30 10:00:00,114.6,603.5,6.5,115.0,12.6,242.0
2026-08-30 11:00:00,119.0,625.8,4.5,131.0,12.9,206.0
2026-08-30 12:00:00,100.8,478.7,3.5,140.0,13.1,193.0
2026-08-30 13:00:00,93.1,422.8,3.3,145.0,13.3,192.0
2026-08-30 14:00:00,88.7,393.9,4.2,144.0,13.5,197.0
2026-08-30 15:00:00,85.0,373.5,5.3,138.0,13.2,193.0
2026-08-30 16:00:00,82.7,347.4,7.6,127.0,12.8,197.0
2026-08-30 17:00:00,75.4,276.6,15.0,118.0,16.2,251.0
2026-08-30 18:00:00,84.3,228.2,34.9,91.0,23.0,421.0
2026-08-30 19:00:00,97.8,241.2,62.2,54.0,32.4,641.0
2026-08-30 20:00:00,109.9,241.2,81.4,26.0,39.2,762.0
2026-08-30 21:00:00,113.2,225.4,85.2,15.0,41.3,691.0
2026-08-30 22:00:00,109.9,201.2,80.9,13.0,40.9,521.0
2026-08-30 23:00:00,101.7,175.1,75.3,12.0,39.2,378.0
2026-08-31 00:00:00,94.5,165.8,70.4,11.0,36.2,310.0
2026-08-31 01:00:00,89.9,170.4,64.2,13.0,31.9,270.0
2026-08-31 02:00:00,89.9,207.7,57.1,15.0,27.7,241.0
2026-08-31 03:00:00,90.3,266.4,48.4,18.0,23.8,213.0
2026-08-31 04:00:00,88.2,323.2,38.9,22.0,20.1,196.0
2026-08-31 05:00:00,102.2,540.2,14.4,46.0,9.5,200.0
2026-08-31 06:00:00,104.5,534.6,14.9,48.0,10.4,248.0
2026-08-31 07:00:00,108.0,534.6,15.5,52.0,11.7,317.0
2026-08-31 08:00:00,108.0,556.9,15.0,62.0,12.9,356.0
2026-08-31 09:00:00,111.8,594.2,12.6,84.0,13.8,333.0
2026-08-31 10:00:00,120.1,631.4,9.1,112.0,14.6,279.0
2026-08-31 11:00:00,128.5,665.0,6.5,134.0,15.1,238.0
2026-08-31 12:00:00,127.1,640.7,5.2,146.0,15.3,226.0
2026-08-31 13:00:00,116.9,571.8,4.8,152.0,15.3,226.0
2026-08-31 14:00:00,107.1,512.2,5.6,153.0,15.2,233.0
2026-08-31 15:00:00,103.4,488.0,6.1,148.0,14.6,221.0
2026-08-31 16:00:00,98.5,444.2,7.9,138.0,14.0,216.0
2026-08-31 17:00:00,84.3,372.5,12.9,109.0,12.5,289.0
2026-08-31 18:00:00,86.6,332.5,29.2,84.0,16.5,476.0
2026-08-31 19:00:00,95.7,315.7,51.9,49.0,22.3,741.0
2026-08-31 20:00:00,107.1,327.8,70.3,22.0,28.4,1042.0
2026-08-31 21:00:00,119.7,348.3,80.7,9.0,35.2,1472.0
2026-08-31 22:00:00,135.0,369.7,86.9,3.0,42.4,1939.0
2026-08-31 23:00:00,146.2,381.8,89.4,0.0,47.0,2126.0
2026-09-01 00:00:00,147.1,366.9,86.9,0.0,47.4,1794.0
2026-09-01 01:00:00,142.0,341.8,80.7,1.0,45.3,1182.0
2026-09-01 02:00:00,136.4,320.4,74.9,3.0,42.8,687.0
2026-09-01 03:00:00,129.9,297.1,71.8,2.0,40.7,460.0
2026-09-01 04:00:00,122.5,285.9,69.2,1.0,38.2,348.0
2026-09-01 05:00:00,78.0,385.6,15.0,44.0,9.0,296.0
2026-09-01 06:00:00,80.8,373.5,15.5,47.0,10.2,314.0
2026-09-01 07:00:00,84.3,357.6,16.0,53.0,11.9,390.0
2026-09-01 08:00:00,81.0,393.9,15.5,64.0,13.2,432.0
2026-09-01 09:00:00,76.8,375.3,12.8,85.0,13.9,390.0
2026-09-01 10:00:00,75.4,363.2,9.1,112.0,14.2,313.0
2026-09-01 11:00:00,67.1,300.8,6.3,134.0,14.5,259.0
2026-09-01 12:00:00,60.3,247.7,5.1,148.0,14.8,244.0
2026-09-01 13:00:00,58.1,231.9,4.8,157.0,15.0,252.0
2026-09-01 14:00:00,58.7,228.6,5.8,161.0,15.5,290.0
2026-09-01 15:00:00,61.2,242.1,8.3,159.0,16.0,366.0
2026-09-01 16:00:00,61.2,231.9,12.2,151.0,16.9,471.0
2026-09-01 17:00:00,57.6,177.4,18.3,152.0,23.0,589.0
2026-09-01 18:00:00,61.9,150.9,24.1,135.0,26.4,729.0
2026-09-01 19:00:00,61.0,116.6,32.0,111.0,31.0,881.0
2026-09-01 20:00:00,58.2,99.4,38.1,90.0,34.6,1000.0
2026-09-01 21:00:00,56.9,88.9,40.5,76.0,36.4,1082.0
2026-09-01 22:00:00,55.2,80.3,41.0,64.0,37.2,1131.0
2026-09-01 23:00:00,52.5,72.4,40.6,55.0,36.8,1118.0
2026-09-02 00:00:00,48.8,65.7,38.9,47.0,34.4,999.0
2026-09-02 01:00:00,46.9,60.1,36.2,42.0,30.8,817.0
2026-09-02 02:00:00,45.3,55.3,34.8,36.0,28.1,672.0
2026-09-02 03:00:00,44.1,51.9,36.2,27.0,26.6,593.0
2026-09-02 04:00:00,44.2,50.5,38.8,18.0,25.9,550.0
2026-09-02 05:00:00,47.0,63.8,35.3,39.0,35.1,559.0
2026-09-02 06:00:00,50.9,65.9,34.9,47.0,37.1,669.0
2026-09-02 07:00:00,46.4,72.6,34.1,59.0,39.7,831.0
2026-09-02 08:00:00,43.4,81.0,31.5,79.0,40.5,909.0
2026-09-02 09:00:00,45.8,99.4,25.3,117.0,38.3,822.0
2026-09-02 10:00:00,49.0,112.5,17.2,163.0,34.5,652.0
2026-09-02 11:00:00,49.9,117.1,11.0,195.0,30.3,509.0
2026-09-02 12:00:00,48.4,114.6,7.8,201.0,25.7,427.0
2026-09-02 13:00:00,46.6,116.6,6.5,192.0,20.9,371.0
2026-09-02 14:00:00,57.9,147.1,7.6,177.0,17.7,356.0
2026-09-02 15:00:00,39.3,91.5,12.0,158.0,17.1,395.0
2026-09-02 16:00:00,35.2,72.4,18.8,133.0,18.3,473.0
2026-09-02 17:00:00,35.4,72.9,17.1,111.0,17.9,559.0
2026-09-02 18:00:00,37.8,60.5,31.0,86.0,21.4,658.0
2026-09-02 19:00:00,49.2,66.6,49.9,52.0,26.2,764.0
2026-09-02 20:00:00,51.8,63.3,62.0,28.0,29.5,827.0
2026-09-02 21:00:00,48.4,56.1,61.2,23.0,29.8,814.0
2026-09-02 22:00:00,43.7,48.4,53.7,28.0,28.4,758.0
2026-09-02 23:00:00,40.2,43.0,46.0,34.0,27.0,706.0
2026-09-03 00:00:00,35.6,37.4,39.7,40.0,25.8,671.0
2026-09-03 01:00:00,31.8,32.9,33.3,47.0,24.5,639.0
2026-09-03 02:00:00,29.2,29.9,28.5,52.0,23.4,617.0
2026-09-03 03:00:00,28.5,28.9,26.3,52.0,22.6,604.0
2026-09-03 04:00:00,28.1,28.3,25.6,50.0,22.1,601.0
2026-09-03 05:00:00,12.0,12.0,19.1,64.0,17.3,609.0
2026-09-03 06:00:00,12.4,12.5,20.6,65.0,19.0,647.0
2026-09-03 07:00:00,12.8,12.9,22.6,67.0,21.3,697.0
2026-09-03 08:00:00,13.1,13.2,23.1,74.0,23.4,706.0
2026-09-03 09:00:00,15.1,15.3,20.9,89.0,25.0,635.0
2026-09-03 10:00:00,16.9,23.9,17.3,107.0,26.4,523.0
2026-09-03 11:00:00,17.6,28.5,14.4,122.0,26.9,433.0
2026-09-03 12:00:00,17.2,22.9,12.7,128.0,25.7,379.0
2026-09-03 13:00:00,18.1,21.7,11.7,131.0,23.7,347.0
2026-09-03 14:00:00,19.0,21.5,12.0,132.0,22.8,357.0
2026-09-03 15:00:00,21.0,26.1,11.6,138.0,23.5,434.0
2026-09-03 16:00:00,22.5,25.7,12.4,142.0,25.4,552.0
2026-09-03 17:00:00,25.3,25.5,33.5,85.0,30.2,660.0
2026-09-03 18:00:00,30.3,30.5,47.0,66.0,35.2,730.0
2026-09-03 19:00:00,41.4,41.7,65.5,39.0,42.1,790.0
2026-09-03 20:00:00,52.0,52.3,79.0,19.0,46.7,865.0
2026-09-03 21:00:00,66.4,66.6,83.1,11.0,47.2,985.0
2026-09-03 22:00:00,67.8,68.0,82.3,9.0,45.4,1122.0
2026-09-03 23:00:00,64.3,64.7,79.2,9.0,43.1,1215.0
2026-09-04 00:00:00,61.7,61.9,74.1,11.0,40.5,1235.0
2026-09-04 01:00:00,59.3,59.6,66.8,15.0,37.4,1211.0
2026-09-04 02:00:00,58.2,58.7,59.9,19.0,34.8,1174.0
2026-09-04 03:00:00,56.9,57.3,54.3,19.0,32.8,1139.0
2026-09-04 04:00:00,54.7,55.2,49.1,19.0,31.2,1092.0
2026-09-04 05:00:00,51.8,52.2,48.8,23.0,31.6,1019.0
2026-09-04 06:00:00,48.0,48.3,47.7,24.0,31.1,902.0
2026-09-04 07:00:00,44.9,45.4,45.9,28.0,30.4,760.0
2026-09-04 08:00:00,46.9,47.4,42.6,39.0,30.0,637.0
2026-09-04 09:00:00,41.3,41.7,36.4,67.0,30.2,544.0
2026-09-04 10:00:00,38.4,38.8,28.8,102.0,30.7,471.0
2026-09-04 11:00:00,33.4,33.8,23.1,129.0,31.0,427.0
2026-09-04 12:00:00,31.9,32.4,20.7,139.0,30.7,415.0
2026-09-04 13:00:00,31.1,31.5,20.3,139.0,30.3,432.0
2026-09-04 14:00:00,30.9,31.2,21.2,136.0,30.0,482.0
2026-09-04 15:00:00,30.9,31.3,22.6,133.0,30.0,588.0
2026-09-04 16:00:00,31.0,31.4,25.3,126.0,30.2,725.0
2026-09-04 17:00:00,48.9,67.1,28.4,99.0,25.8,828.0
2026-09-04 18:00:00,51.9,57.9,35.7,82.0,25.6,865.0
2026-09-04 19:00:00,54.6,55.8,45.5,59.0,25.4,866.0
2026-09-04 20:00:00,52.2,52.3,50.9,43.0,24.6,856.0
2026-09-04 21:00:00,45.9,46.1,48.0,41.0,23.1,843.0
2026-09-04 22:00:00,39.2,39.5,40.6,46.0,21.1,817.0
2026-09-04 23:00:00,34.6,34.7,33.5,51.0,19.1,777.0
2026-09-05 00:00:00,27.9,28.1,27.9,55.0,16.9,714.0
2026-09-05 01:00:00,23.1,23.2,22.6,59.0,14.7,636.0
2026-09-05 02:00:00,18.2,18.3,18.8,62.0,13.1,564.0
2026-09-05 03:00:00,15.0,15.1,16.9,62.0,12.2,490.0
2026-09-05 04:00:00,13.7,13.8,16.4,59.0,11.9,422.0
2026-09-05 05:00:00,18.0,18.2,19.7,50.0,13.6,405.0
2026-09-05 06:00:00,20.4,20.5,24.3,44.0,15.3,488.0
2026-09-05 07:00:00,24.9,25.0,30.4,38.0,17.8,623.0
2026-09-05 08:00:00,25.7,25.8,33.7,38.0,20.1,706.0
2026-09-05 09:00:00,24.2,24.4,31.8,51.0,22.3,677.0
2026-09-05 10:00:00,22.8,22.9,27.1,72.0,24.3,597.0
2026-09-05 11:00:00,22.4,22.6,22.8,91.0,25.5,547.0
2026-09-05 12:00:00,23.7,24.0,19.6,109.0,25.2,566.0
2026-09-05 13:00:00,24.2,24.5,16.8,126.0,24.0,614.0
2026-09-05 14:00:00,24.7,25.3,15.8,136.0,22.8,655.0
2026-09-05 15:00:00,26.1,26.7,15.8,135.0,21.3,613.0
2026-09-05 16:00:00,28.2,28.8,17.7,127.0,19.7,564.0
2026-09-05 17:00:00,38.3,39.6,28.1,74.0,20.2,700.0
2026-09-05 18:00:00,44.0,44.8,34.9,62.0,21.1,1229.0
2026-09-05 19:00:00,48.2,48.9,44.1,45.0,22.3,1943.0
2026-09-05 20:00:00,49.5,50.1,49.8,33.0,22.8,2408.0
2026-09-05 21:00:00,48.3,48.9,48.9,31.0,22.1,2405.0
2026-09-05 22:00:00,47.0,47.5,44.4,34.0,20.6,2153.0
2026-09-05 23:00:00,47.1,47.6,40.2,37.0,19.3,1872.0
2026-09-06 00:00:00,46.4,46.9,37.2,38.0,18.2,1614.0
2026-09-06 01:00:00,44.9,45.3,34.3,38.0,17.1,1326.0
2026-09-06 02:00:00,45.8,46.1,32.2,38.0,16.4,1071.0
2026-09-06 03:00:00,47.0,47.5,31.4,35.0,16.0,862.0
2026-09-06 04:00:00,46.3,46.7,31.3,32.0,16.0,686.0
2026-09-06 05:00:00,45.5,45.9,31.4,35.0,20.8,561.0
2026-09-06 06:00:00,50.1,50.3,28.8,46.0,22.4,508.0
2026-09-06 07:00:00,43.8,44.1,25.2,63.0,24.5,505.0
2026-09-06 08:00:00,34.6,34.9,21.3,81.0,25.8,509.0
2026-09-06 09:00:00,30.2,30.5,17.1,102.0,25.7,510.0
2026-09-06 10:00:00,26.9,27.1,12.7,125.0,24.8,517.0
2026-09-06 11:00:00,25.1,25.3,9.5,143.0,23.9,511.0
2026-09-06 12:00:00,23.1,23.3,7.8,153.0,23.0,467.0
2026-09-06 13:00:00,23.3,23.5,7.3,157.0,22.0,410.0
2026-09-06 14:00:00,23.5,23.6,7.9,157.0,21.5,393.0
2026-09-06 15:00:00,22.7,23.1,7.8,154.0,21.1,404.0
2026-09-06 16:00:00,22.4,22.8,8.9,146.0,21.2,455.0
2026-09-06 17:00:00,23.6,23.7,16.5,93.0,17.0,630.0
2026-09-06 18:00:00,29.4,29.9,29.7,73.0,22.7,1056.0
2026-09-06 19:00:00,40.3,40.5,48.0,45.0,30.7,1607.0
2026-09-06 20:00:00,50.4,50.5,62.8,24.0,38.2,1991.0
2026-09-06 21:00:00,53.6,53.6,70.1,15.0,44.2,2065.0
2026-09-06 22:00:00,59.8,59.8,73.9,13.0,49.6,1971.0
2026-09-06 23:00:00,69.4,69.4,76.8,11.0,54.0,1846.0
2026-09-07 00:00:00,75.4,75.4,79.6,9.0,56.9,1710.0
2026-09-07 01:00:00,77.1,77.1,81.5,7.0,58.8,1542.0
2026-09-07 02:00:00,79.6,79.6,83.0,6.0,60.2,1416.0
2026-09-07 03:00:00,81.5,81.5,85.6,1.0,61.4,1378.0
2026-09-07 04:00:00,84.5,84.8,87.8,0.0,62.1,1382.0
2026-09-07 05:00:00,78.2,78.2,69.7,2.0,46.3,1364.0
2026-09-07 06:00:00,83.1,83.1,60.4,20.0,44.6,1306.0
2026-09-07 07:00:00,73.3,73.8,47.3,46.0,42.4,1226.0
2026-09-07 08:00:00,51.1,53.3,35.5,78.0,40.8,1112.0
2026-09-07 09:00:00,41.6,53.3,26.6,122.0,41.1,936.0
2026-09-07 10:00:00,46.8,64.7,19.0,172.0,42.1,727.0
2026-09-07 11:00:00,54.7,76.8,13.2,212.0,41.8,560.0
2026-09-07 12:00:00,59.6,78.9,9.1,237.0,38.9,455.0
2026-09-07 13:00:00,61.0,79.2,6.7,251.0,34.8,394.0
2026-09-07 14:00:00,59.6,76.6,7.0,252.0,31.2,393.0
2026-09-07 15:00:00,58.0,75.7,9.3,236.0,28.1,419.0
2026-09-07 16:00:00,54.0,72.6,14.2,206.0,25.5,506.0
2026-09-07 17:00:00,68.2,87.8,28.0,158.0,25.1,778.0
2026-09-07 18:00:00,82.2,97.8,48.0,125.0,30.1,1465.0
2026-09-07 19:00:00,99.7,115.0,75.2,79.0,36.9,2337.0
2026-09-07 20:00:00,105.2,118.5,93.8,46.0,42.5,2824.0
2026-09-07 21:00:00,99.9,111.1,95.7,37.0,45.3,2567.0
2026-09-07 22:00:00,100.1,110.8,88.9,40.0,46.9,1925.0
2026-09-07 23:00:00,99.7,110.6,81.1,44.0,47.9,1412.0
2026-09-08 00:00:00,98.7,109.4,74.6,44.0,49.1,1251.0
2026-09-08 01:00:00,98.3,109.0,67.2,45.0,49.8,1217.0
2026-09-08 02:00:00,96.6,108.0,60.1,45.0,49.1,1155.0
2026-09-08 03:00:00,92.7,104.5,53.3,44.0,46.5,974.0
2026-09-08 04:00:00,87.5,100.1,46.8,42.0,42.5,763.0
2026-09-08 05:00:00,116.2,133.2,73.6,43.0,55.6,635.0
2026-09-08 06:00:00,99.0,113.4,63.4,62.0,50.6,683.0
2026-09-08 07:00:00,88.9,99.9,49.0,88.0,43.5,813.0
2026-09-08 08:00:00,61.9,75.4,35.6,117.0,36.8,855.0
2026-09-08 09:00:00,47.0,68.2,24.4,150.0,31.2,701.0
2026-09-08 10:00:00,39.9,63.8,14.3,185.0,26.0,458.0
2026-09-08 11:00:00,37.3,62.2,7.2,208.0,21.7,277.0
2026-09-08 12:00:00,35.0,55.1,4.0,211.0,18.6,217.0
2026-09-08 13:00:00,34.8,58.1,3.9,201.0,16.5,219.0
2026-09-08 14:00:00,34.6,59.6,5.6,187.0,15.2,259.0
2026-09-08 15:00:00,34.7,62.4,8.9,171.0,14.5,335.0
2026-09-08 16:00:00,40.7,107.8,14.2,152.0,14.5,449.0
2026-09-08 17:00:00,44.4,114.3,21.6,122.0,15.5,581.0
2026-09-08 18:00:00,49.4,104.3,31.3,102.0,18.4,746.0
2026-09-08 19:00:00,53.2,101.7,44.7,74.0,22.4,929.0
2026-09-08 20:00:00,56.8,109.0,55.0,52.0,25.9,1067.0
2026-09-08 21:00:00,62.2,122.5,59.2,42.0,28.6,1152.0
2026-09-08 22:00:00,68.2,136.4,60.2,37.0,30.8,1192.0
2026-09-08 23:00:00,73.1,145.8,60.2,34.0,31.7,1146.0
2026-09-09 00:00:00,74.5,147.6,59.9,30.0,30.4,951.0
2026-09-09 01:00:00,73.8,145.3,58.5,27.0,27.8,669.0
2026-09-09 02:00:00,72.4,140.2,56.2,25.0,25.2,447.0
2026-09-09 03:00:00,70.1,139.7,52.8,21.0,23.2,340.0
2026-09-09 04:00:00,67.1,143.0,48.5,17.0,21.3,294.0
2026-09-09 05:00:00,54.0,169.0,23.4,38.0,13.7,286.0
2026-09-09 06:00:00,49.0,136.9,23.3,40.0,13.4,339.0
2026-09-09 07:00:00,48.7,143.4,22.8,45.0,13.0,432.0
2026-09-09 08:00:00,52.3,165.3,21.1,57.0,12.9,479.0
2026-09-09 09:00:00,59.1,232.4,16.7,84.0,13.2,431.0
2026-09-09 10:00:00,65.9,267.3,11.0,118.0,13.8,338.0
2026-09-09 11:00:00,72.6,299.0,6.7,143.0,14.1,266.0
2026-09-09 12:00:00,74.7,309.2,4.6,153.0,13.7,228.0
2026-09-09 13:00:00,74.0,309.2,4.0,154.0,13.1,211.0
2026-09-09 14:00:00,74.5,317.6,5.5,150.0,12.7,243.0
2026-09-09 15:00:00,75.7,330.6,9.3,140.0,12.5,332.0
2026-09-09 16:00:00,77.5,333.4,15.3,124.0,12.5,469.0
2026-09-09 17:00:00,70.8,273.8,22.3,104.0,13.6,664.0
2026-09-09 18:00:00,76.1,248.7,34.0,83.0,17.2,993.0
2026-09-09 19:00:00,83.6,244.9,50.2,55.0,22.4,1378.0
2026-09-09 20:00:00,92.0,256.1,62.1,33.0,27.9,1595.0
2026-09-09 21:00:00,100.4,276.6,65.4,26.0,34.0,1513.0
2026-09-09 22:00:00,109.2,296.2,64.6,25.0,40.3,1264.0
2026-09-09 23:00:00,116.4,305.5,64.2,24.0,44.3,1012.0
2026-09-10 00:00:00,121.5,306.4,66.4,19.0,44.6,795.0
2026-09-10 01:00:00,123.9,295.2,69.0,14.0,42.6,575.0
2026-09-10 02:00:00,117.8,268.2,70.5,9.0,39.9,411.0
2026-09-10 03:00:00,107.1,234.2,70.5,4.0,36.4,319.0
2026-09-10 04:00:00,96.4,202.1,69.4,0.0,32.2,282.0
2026-09-10 05:00:00,61.5,131.3,36.8,35.0,17.3,308.0
2026-09-10 06:00:00,61.0,128.1,35.5,43.0,17.6,456.0
2026-09-10 07:00:00,61.2,124.3,33.5,55.0,18.0,667.0
2026-09-10 08:00:00,58.2,131.3,29.7,73.0,18.2,771.0
2026-09-10 09:00:00,56.8,148.5,22.6,102.0,18.1,658.0
2026-09-10 10:00:00,56.9,171.4,13.7,137.0,17.8,439.0
2026-09-10 11:00:00,56.8,183.5,7.2,162.0,17.4,273.0
2026-09-10 12:00:00,52.4,161.6,4.4,170.0,16.8,219.0
2026-09-10 13:00:00,54.8,183.9,3.9,167.0,16.1,217.0
2026-09-10 14:00:00,55.8,197.0,5.7,160.0,15.7,254.0
2026-09-10 15:00:00,57.7,212.8,9.9,149.0,15.5,307.0
2026-09-10 16:00:00,59.3,213.7,16.5,133.0,15.6,399.0
2026-09-10 17:00:00,60.5,245.9,19.5,111.0,14.2,574.0
2026-09-10 18:00:00,65.4,242.1,27.2,94.0,17.0,918.0
2026-09-10 19:00:00,71.2,236.6,38.1,71.0,20.9,1347.0
2026-09-10 20:00:00,77.1,244.9,47.8,51.0,24.5,1653.0
2026-09-10 21:00:00,83.6,255.2,55.5,38.0,27.8,1734.0
2026-09-10 22:00:00,90.3,265.4,62.0,29.0,30.8,1693.0
2026-09-10 23:00:00,95.0,255.2,65.4,23.0,32.5,1629.0
2026-09-11 00:00:00,93.6,222.6,64.1,20.0,31.7,1581.0
2026-09-11 01:00:00,87.3,182.5,59.8,19.0,29.5,1511.0
2026-09-11 02:00:00,80.3,151.3,55.7,20.0,28.0,1401.0
2026-09-11 03:00:00,74.7,128.5,53.1,19.0,27.8,1199.0
2026-09-11 04:00:00,72.9,114.1,50.8,19.0,28.3,957.0
2026-09-11 05:00:00,86.1,158.3,54.9,12.0,26.9,817.0
2026-09-11 06:00:00,90.6,154.1,51.3,32.0,29.9,896.0
2026-09-11 07:00:00,88.7,136.0,45.9,61.0,34.1,1077.0
2026-09-11 08:00:00,78.7,139.2,39.0,95.0,36.7,1152.0
2026-09-11 09:00:00,70.8,140.2,29.0,141.0,36.6,996.0
2026-09-11 10:00:00,65.0,122.9,17.5,193.0,35.0,733.0
2026-09-11 11:00:00,62.6,104.3,9.9,223.0,32.9,535.0
2026-09-11 12:00:00,61.5,93.4,9.1,215.0,29.9,457.0
2026-09-11 13:00:00,50.1,65.2,12.1,185.0,26.3,444.0
2026-09-11 14:00:00,39.2,43.1,15.5,158.0,24.0,493.0
2026-09-11 15:00:00,30.7,31.7,18.3,142.0,24.0,638.0
2026-09-11 16:00:00,26.2,26.5,21.6,129.0,25.2,846.0
2026-09-11 17:00:00,17.1,17.1,18.0,123.0,20.9,1016.0
2026-09-11 18:00:00,21.3,21.3,21.7,108.0,21.6,1120.0
2026-09-11 19:00:00,21.0,21.0,26.8,88.0,22.6,1186.0
2026-09-11 20:00:00,20.0,20.0,30.5,71.0,23.4,1196.0
2026-09-11 21:00:00,19.6,19.6,31.6,62.0,23.8,1124.0
2026-09-11 22:00:00,20.2,20.2,31.3,56.0,23.9,996.0
2026-09-11 23:00:00,20.3,20.4,30.5,51.0,23.8,870.0
2026-09-12 00:00:00,19.6,19.8,29.2,47.0,23.2,760.0
2026-09-12 01:00:00,19.1,19.4,27.4,44.0,22.4,652.0
2026-09-12 02:00:00,18.9,19.3,26.1,42.0,21.8,568.0
2026-09-12 03:00:00,19.1,19.6,25.5,39.0,21.7,503.0
2026-09-12 04:00:00,18.8,19.3,25.4,37.0,21.8,463.0
2026-09-12 05:00:00,17.2,17.7,23.6,42.0,22.3,482.0
2026-09-12 06:00:00,17.4,18.1,26.7,43.0,23.2,627.0
2026-09-12 07:00:00,18.7,19.4,30.8,44.0,24.4,831.0
2026-09-12 08:00:00,19.8,20.4,32.7,50.0,25.5,937.0
2026-09-12 09:00:00,20.1,20.4,30.6,63.0,26.7,845.0
2026-09-12 10:00:00,19.3,19.4,26.2,80.0,27.9,654.0
2026-09-12 11:00:00,18.6,18.7,21.8,99.0,28.1,500.0
2026-09-12 12:00:00,20.0,20.1,16.9,123.0,26.7,424.0
2026-09-12 13:00:00,21.2,25.8,12.0,149.0,24.4,386.0
2026-09-12 14:00:00,21.3,22.7,10.1,163.0,22.4,401.0
2026-09-12 15:00:00,21.6,25.1,13.3,158.0,21.0,502.0
2026-09-12 16:00:00,21.4,23.5,19.7,141.0,19.9,658.0
2026-09-12 17:00:00,20.3,20.7,19.1,126.0,17.6,786.0
2026-09-12 18:00:00,28.1,28.2,32.6,100.0,20.9,864.0
2026-09-12 19:00:00,37.6,37.7,50.9,65.0,25.3,915.0
2026-09-12 20:00:00,41.9,42.0,62.8,39.0,28.1,928.0
2026-09-12 21:00:00,44.1,44.2,62.8,33.0,27.9,888.0
2026-09-12 22:00:00,42.6,42.7,56.4,36.0,26.1,810.0
2026-09-12 23:00:00,39.3,39.5,49.1,41.0,24.3,724.0
2026-09-13 00:00:00,36.4,36.6,41.7,44.0,22.9,630.0
2026-09-13 01:00:00,34.0,34.0,33.3,48.0,21.5,528.0
2026-09-13 02:00:00,31.7,31.7,26.9,51.0,20.3,447.0
2026-09-13 03:00:00,29.6,29.6,24.0,48.0,19.4,397.0
2026-09-13 04:00:00,28.0,28.1,23.0,44.0,18.7,368.0
2026-09-13 05:00:00,24.3,24.3,23.0,37.0,13.8,359.0
2026-09-13 06:00:00,25.4,25.5,21.4,51.0,15.9,386.0
2026-09-13 07:00:00,28.5,28.5,19.1,71.0,18.8,433.0
2026-09-13 08:00:00,25.6,25.7,16.4,94.0,20.9,452.0
2026-09-13 09:00:00,23.8,24.3,12.8,123.0,21.6,413.0
2026-09-13 10:00:00,25.1,26.3,8.7,155.0,21.5,347.0
2026-09-13 11:00:00,27.1,40.0,5.8,177.0,21.0,297.0
2026-09-13 12:00:00,27.0,31.8,4.6,184.0,19.8,276.0
2026-09-13 13:00:00,26.4,29.6,4.4,181.0,18.1,272.0
2026-09-13 14:00:00,25.5,27.6,5.3,174.0,17.0,286.0
2026-09-13 15:00:00,24.7,26.0,7.2,164.0,16.7,329.0
2026-09-13 16:00:00,24.1,25.0,10.1,150.0,16.9,391.0
2026-09-13 17:00:00,24.6,25.8,13.4,124.0,17.6,443.0
2026-09-13 18:00:00,28.9,30.3,16.7,110.0,18.4,477.0
2026-09-13 19:00:00,30.5,31.2,21.2,91.0,19.5,501.0
2026-09-13 20:00:00,30.2,31.2,24.1,77.0,20.3,507.0
2026-09-13 21:00:00,29.6,31.2,24.0,73.0,20.6,486.0
2026-09-13 22:00:00,28.2,29.7,22.3,74.0,20.5,446.0
2026-09-13 23:00:00,25.7,30.6,20.5,74.0,20.1,405.0
2026-09-14 00:00:00,23.1,31.1,18.9,73.0,19.1,363.0
2026-09-14 01:00:00,21.0,29.9,17.2,71.0,17.7,320.0
2026-09-14 02:00:00,19.2,29.2,16.0,68.0,16.7,288.0
2026-09-14 03:00:00,18.2,30.0,15.7,62.0,16.3,268.0
2026-09-14 04:00:00,18.0,31.4,15.9,56.0,16.3,260.0
2026-09-14 05:00:00,17.8,26.3,16.9,53.0,18.6,278.0
2026-09-14 06:00:00,19.7,27.7,17.8,57.0,20.4,348.0
2026-09-14 07:00:00,20.9,28.2,18.8,65.0,23.0,445.0
2026-09-14 08:00:00,21.4,24.8,18.4,80.0,24.8,501.0
2026-09-14 09:00:00,21.4,23.6,15.3,110.0,25.4,478.0
2026-09-14 10:00:00,21.8,23.4,10.8,148.0,25.3,415.0
2026-09-14 11:00:00,23.8,25.0,7.4,176.0,24.5,366.0
2026-09-14 12:00:00,25.5,26.5,5.6,188.0,22.5,342.0
2026-09-14 13:00:00,27.3,28.2,4.9,189.0,19.7,331.0
2026-09-14 14:00:00,26.1,30.7,5.9,185.0,18.0,352.0
2026-09-14 15:00:00,27.9,32.7,9.2,174.0,18.1,427.0
2026-09-14 16:00:00,27.4,29.3,14.2,157.0,19.3,534.0
2026-09-14 17:00:00,43.7,45.6,16.6,146.0,22.3,629.0
2026-09-14 18:00:00,46.1,47.5,24.7,123.0,24.3,707.0
2026-09-14 19:00:00,52.7,53.9,35.8,91.0,27.1,773.0
2026-09-14 20:00:00,55.3,56.3,42.9,67.0,29.1,792.0
2026-09-14 21:00:00,56.1,57.2,42.5,60.0,29.5,734.0
2026-09-14 22:00:00,55.9,56.9,38.2,62.0,29.2,628.0
2026-09-14 23:00:00,54.6,55.5,33.8,64.0,28.5,532.0
2026-09-15 00:00:00,53.6,54.4,30.4,63.0,27.5,460.0
2026-09-15 01:00:00,52.6,53.4,27.1,63.0,26.1,397.0
2026-09-15 02:00:00,51.2,51.9,24.6,62.0,25.2,356.0
2026-09-15 03:00:00,49.4,50.1,23.6,60.0,24.7,337.0
2026-09-15 04:00:00,47.7,48.4,23.5,57.0,24.5,341.0
2026-09-15 05:00:00,52.0,52.9,26.2,48.0,24.9,378.0
2026-09-15 06:00:00,56.1,56.9,27.3,57.0,28.2,489.0
2026-09-15 07:00:00,55.8,56.6,28.7,71.0,32.8,634.0
2026-09-15 08:00:00,46.7,47.7,27.8,92.0,35.8,704.0
2026-09-15 09:00:00,41.4,42.6,22.6,126.0,36.0,626.0
2026-09-15 10:00:00,37.6,38.6,15.3,166.0,34.8,472.0
2026-09-15 11:00:00,38.3,39.3,9.6,197.0,32.9,356.0
2026-09-15 12:00:00,39.8,41.0,7.1,213.0,30.3,319.0
2026-09-15 13:00:00,40.7,41.9,6.2,219.0,27.1,320.0
2026-09-15 14:00:00,41.3,42.5,6.8,219.0,24.9,342.0
2026-09-15 15:00:00,41.2,42.4,8.5,212.0,24.2,372.0
2026-09-15 16:00:00,40.0,41.2,11.5,199.0,24.4,424.0
2026-09-15 17:00:00,54.8,57.4,16.1,173.0,25.0,521.0
2026-09-15 18:00:00,60.8,62.9,18.8,156.0,26.6,723.0
2026-09-15 19:00:00,64.5,66.1,22.9,132.0,28.8,970.0
2026-09-15 20:00:00,61.7,63.3,27.9,108.0,30.8,1104.0
2026-09-15 21:00:00,65.0,66.4,35.0,84.0,32.2,1025.0
2026-09-15 22:00:00,70.8,72.2,43.1,61.0,33.4,834.0
2026-09-15 23:00:00,73.6,74.7,48.4,43.0,34.1,672.0
2026-09-16 00:00:00,73.3,74.5,48.3,35.0,33.9,591.0
2026-09-16 01:00:00,73.1,74.3,45.6,33.0,33.3,540.0
2026-09-16 02:00:00,75.7,76.8,44.5,30.0,33.3,506.0
2026-09-16 03:00:00,78.0,79.2,47.9,20.0,33.9,479.0
2026-09-16 04:00:00,80.6,81.7,53.0,9.0,35.1,469.0
2026-09-16 05:00:00,76.4,77.3,53.3,17.0,35.4,498.0
2026-09-16 06:00:00,86.8,87.8,52.3,32.0,38.8,613.0
2026-09-16 07:00:00,86.8,87.5,50.4,55.0,43.3,767.0
2026-09-16 08:00:00,75.2,76.1,45.5,87.0,45.5,838.0
2026-09-16 09:00:00,58.7,59.8,34.5,137.0,43.4,744.0
2026-09-16 10:00:00,55.3,56.8,20.5,196.0,39.0,568.0
2026-09-16 11:00:00,54.8,56.6,10.1,240.0,34.7,436.0
2026-09-16 12:00:00,55.8,57.7,6.3,259.0,31.2,399.0
2026-09-16 13:00:00,56.3,59.0,6.2,263.0,27.9,405.0
2026-09-16 14:00:00,56.8,60.1,7.4,257.0,25.1,426.0
2026-09-16 15:00:00,54.9,58.9,9.3,241.0,22.9,411.0
2026-09-16 16:00:00,51.8,55.5,12.6,215.0,21.3,412.0
2026-09-16 17:00:00,46.3,51.9,17.8,181.0,21.7,554.0
2026-09-16 18:00:00,51.2,56.3,24.1,157.0,24.5,992.0
2026-09-16 19:00:00,57.6,62.6,33.1,124.0,28.5,1571.0
2026-09-16 20:00:00,65.9,71.0,42.0,95.0,32.5,1958.0
2026-09-16 21:00:00,75.0,80.6,50.9,74.0,36.5,2010.0
2026-09-16 22:00:00,84.5,90.3,59.6,58.0,40.5,1869.0
2026-09-16 23:00:00,93.8,100.1,65.3,46.0,43.0,1630.0
2026-09-17 00:00:00,97.1,104.1,65.7,40.0,42.8,1243.0
2026-09-17 01:00:00,98.5,105.7,63.1,38.0,41.0,759.0
2026-09-17 02:00:00,99.9,107.1,60.9,36.0,39.5,420.0
2026-09-17 03:00:00,102.0,109.0,61.2,28.0,38.6,352.0
2026-09-17 04:00:00,103.1,109.4,62.0,19.0,37.9,429.0
2026-09-17 05:00:00,40.5,43.4,16.4,104.0,20.6,523.0
2026-09-17 06:00:00,40.2,42.8,18.9,103.0,21.6,616.0
2026-09-17 07:00:00,39.6,42.3,22.1,102.0,23.0,724.0
2026-09-17 08:00:00,38.5,42.5,23.0,111.0,24.1,771.0
2026-09-17 09:00:00,38.2,43.0,19.4,138.0,24.8,697.0
2026-09-17 10:00:00,37.5,42.7,13.5,175.0,25.2,561.0
2026-09-17 11:00:00,38.4,44.6,9.0,207.0,25.4,460.0
2026-09-17 12:00:00,40.7,47.5,7.2,230.0,25.6,432.0
2026-09-17 13:00:00,43.0,50.2,6.7,248.0,25.6,438.0
2026-09-17 14:00:00,44.8,52.7,7.3,253.0,25.0,460.0
2026-09-17 15:00:00,45.6,54.5,8.8,239.0,23.1,501.0
2026-09-17 16:00:00,44.7,54.4,11.4,213.0,20.5,558.0
2026-09-17 17:00:00,43.0,56.0,22.5,131.0,18.4,603.0
2026-09-17 18:00:00,48.3,60.5,26.1,118.0,19.5,627.0
2026-09-17 19:00:00,52.3,64.3,30.9,101.0,21.0,639.0
2026-09-17 20:00:00,51.6,63.3,33.5,88.0,21.7,636.0
2026-09-17 21:00:00,50.9,64.0,32.0,85.0,20.9,610.0
2026-09-17 22:00:00,47.5,57.7,28.4,87.0,19.2,570.0
2026-09-17 23:00:00,41.7,52.5,25.0,88.0,17.7,541.0
2026-09-18 00:00:00,37.7,48.8,22.6,86.0,16.5,536.0
2026-09-18 01:00:00,35.7,48.1,20.4,84.0,15.4,542.0
2026-09-18 02:00:00,35.0,47.8,19.0,81.0,14.9,545.0
2026-09-18 03:00:00,34.8,46.6,18.8,76.0,15.1,530.0
2026-09-18 04:00:00,35.0,45.1,19.3,71.0,15.8,513.0
2026-09-18 05:00:00,33.6,44.5,15.9,86.0,15.1,522.0
2026-09-18 06:00:00,34.7,46.8,16.8,92.0,16.2,598.0
2026-09-18 07:00:00,36.3,48.4,18.0,101.0,17.8,701.0
2026-09-18 08:00:00,33.5,48.3,17.7,114.0,18.8,741.0
2026-09-18 09:00:00,32.1,46.1,14.6,136.0,18.8,654.0
2026-09-18 10:00:00,31.7,45.9,10.0,163.0,18.2,503.0
2026-09-18 11:00:00,30.5,41.2,6.6,183.0,17.4,393.0
2026-09-18 12:00:00,29.6,39.9,5.1,191.0,16.4,359.0
2026-09-18 13:00:00,29.3,40.5,4.7,193.0,15.2,365.0
2026-09-18 14:00:00,32.2,49.0,5.5,189.0,14.5,407.0
2026-09-18 15:00:00,30.6,46.8,7.8,180.0,14.6,470.0
2026-09-18 16:00:00,32.1,50.9,11.2,167.0,15.2,568.0
2026-09-18 17:00:00,24.0,45.4,15.3,147.0,17.1,739.0
2026-09-18 18:00:00,31.8,51.7,27.4,121.0,20.4,1047.0
2026-09-18 19:00:00,39.5,60.3,44.0,85.0,24.9,1427.0
2026-09-18 20:00:00,45.6,66.8,55.3,58.0,27.8,1726.0
2026-09-18 21:00:00,48.3,69.6,56.5,48.0,27.9,1888.0
2026-09-18 22:00:00,48.3,70.5,52.4,47.0,26.4,1969.0
2026-09-18 23:00:00,46.3,70.5,47.7,47.0,24.8,1981.0
2026-09-19 00:00:00,44.1,69.6,43.1,46.0,23.1,1897.0
2026-09-19 01:00:00,43.2,69.2,38.0,47.0,21.2,1744.0
2026-09-19 02:00:00,43.7,70.8,35.2,46.0,20.1,1616.0
2026-09-19 03:00:00,46.7,75.4,37.1,39.0,20.4,1558.0
2026-09-19 04:00:00,50.3,80.3,41.2,31.0,21.6,1525.0
2026-09-19 05:00:00,55.6,102.9,50.0,34.0,32.4,1470.0
2026-09-19 06:00:00,64.5,112.2,45.7,51.0,34.0,1379.0
2026-09-19 07:00:00,66.1,102.0,39.5,77.0,36.1,1267.0
2026-09-19 08:00:00,49.0,90.3,32.7,104.0,37.0,1129.0
2026-09-19 09:00:00,39.6,75.9,24.8,135.0,35.7,937.0
2026-09-19 10:00:00,38.2,71.9,16.3,167.0,33.2,719.0
2026-09-19 11:00:00,39.2,72.6,10.0,192.0,30.5,561.0
2026-09-19 12:00:00,40.5,73.6,6.8,206.0,27.7,493.0
2026-09-19 13:00:00,41.3,75.4,5.8,212.0,24.8,485.0
2026-09-19 14:00:00,41.3,75.4,6.7,211.0,22.8,527.0
2026-09-19 15:00:00,41.3,74.5,8.3,203.0,21.9,641.0
2026-09-19 16:00:00,41.4,73.6,11.9,188.0,22.0,806.0
2026-09-19 17:00:00,51.8,87.8,21.1,148.0,22.0,950.0
2026-09-19 18:00:00,62.9,92.7,41.6,115.0,26.4,1027.0
2026-09-19 19:00:00,75.2,102.7,70.0,68.0,32.5,1083.0
2026-09-19 20:00:00,84.8,110.8,92.0,32.0,38.0,1181.0
2026-09-19 21:00:00,94.8,120.6,101.4,16.0,42.4,1377.0
2026-09-19 22:00:00,105.2,131.8,104.4,10.0,46.1,1614.0
2026-09-19 23:00:00,115.0,143.4,105.4,6.0,48.0,1787.0
2026-09-20 00:00:00,120.6,149.5,105.7,2.0,46.9,1840.0
2026-09-20 01:00:00,123.4,151.8,103.9,1.0,43.9,1828.0
2026-09-20 02:00:00,122.0,147.6,100.4,1.0,41.3,1816.0
2026-09-20 03:00:00,118.7,142.5,94.9,0.0,39.6,1839.0
2026-09-20 04:00:00,117.1,138.8,87.8,0.0,38.3,1862.0
2026-09-20 05:00:00,85.0,98.3,56.7,18.0,29.3,1841.0
2026-09-20 06:00:00,88.2,102.2,50.8,39.0,31.5,1767.0
2026-09-20 07:00:00,89.2,101.5,42.4,68.0,34.4,1649.0
2026-09-20 08:00:00,79.4,100.1,33.7,100.0,35.9,1474.0
2026-09-20 09:00:00,65.4,98.7,24.4,135.0,34.9,1187.0
2026-09-20 10:00:00,55.3,97.6,14.7,172.0,32.6,843.0
2026-09-20 11:00:00,52.2,93.6,7.7,200.0,30.4,587.0
2026-09-20 12:00:00,52.0,90.1,4.8,216.0,28.5,499.0
2026-09-20 13:00:00,52.3,88.9,4.5,224.0,26.7,499.0
2026-09-20 14:00:00,52.9,87.5,5.5,225.0,25.6,502.0
2026-09-20 15:00:00,53.4,87.1,7.5,218.0,25.6,461.0
2026-09-20 16:00:00,54.4,82.7,10.8,204.0,26.3,422.0
2026-09-20 17:00:00,60.3,91.7,15.6,183.0,28.5,434.0
2026-09-20 18:00:00,61.0,89.2,19.5,158.0,29.3,511.0
2026-09-20 19:00:00,62.4,87.8,25.2,123.0,30.5,639.0
2026-09-20 20:00:00,66.4,88.0,31.7,92.0,31.9,820.0
2026-09-20 21:00:00,71.9,91.5,39.4,70.0,33.7,1102.0
2026-09-20 22:00:00,78.9,97.8,47.8,52.0,35.6,1436.0
2026-09-20 23:00:00,85.9,105.2,54.7,38.0,36.8,1682.0
2026-09-21 00:00:00,89.4,109.9,58.8,29.0,36.7,1787.0
2026-09-21 01:00:00,92.0,112.9,61.4,23.0,35.8,1803.0
2026-09-21 02:00:00,94.5,115.9,63.5,19.0,35.2,1742.0
2026-09-21 03:00:00,97.6,119.7,66.4,11.0,35.2,1550.0
2026-09-21 04:00:00,101.0,123.4,68.9,3.0,35.5,1280.0
2026-09-21 05:00:00,67.8,84.1,43.4,26.0,26.5,1105.0
2026-09-21 06:00:00,72.9,89.2,43.5,44.0,27.9,1151.0
2026-09-21 07:00:00,79.2,91.0,43.3,69.0,30.0,1291.0
2026-09-21 08:00:00,65.4,81.7,40.1,99.0,31.7,1316.0
2026-09-21 09:00:00,51.8,75.9,31.1,136.0,33.2,1090.0
2026-09-21 10:00:00,49.9,78.0,19.1,178.0,34.4,749.0
2026-09-21 11:00:00,51.6,83.4,10.0,210.0,34.5,497.0
2026-09-21 12:00:00,52.9,86.8,6.2,227.0,32.6,425.0
2026-09-21 13:00:00,53.8,88.7,5.3,233.0,29.5,441.0
2026-09-21 14:00:00,54.8,91.0,6.2,232.0,27.1,470.0
2026-09-21 15:00:00,55.9,94.3,8.6,222.0,26.0,470.0
2026-09-21 16:00:00,57.2,95.0,12.8,203.0,25.7,483.0
2026-09-21 17:00:00,60.1,90.8,19.5,184.0,27.9,563.0
2026-09-21 18:00:00,66.8,93.6,27.9,156.0,29.9,771.0
2026-09-21 19:00:00,71.5,99.2,39.7,116.0,32.8,1046.0
2026-09-21 20:00:00,75.0,105.5,51.1,82.0,35.6,1261.0
2026-09-21 21:00:00,80.8,115.0,61.3,60.0,38.3,1375.0
2026-09-21 22:00:00,89.6,129.5,71.0,44.0,40.8,1428.0
2026-09-21 23:00:00,95.0,141.1,78.0,31.0,42.1,1419.0
2026-09-22 00:00:00,97.8,150.9,80.8,22.0,41.1,1316.0
2026-09-22 01:00:00,100.4,159.3,80.9,17.0,38.8,1150.0
2026-09-22 02:00:00,102.4,166.2,80.9,13.0,37.1,1008.0
2026-09-22 03:00:00,103.1,172.3,83.0,5.0,36.7,907.0
2026-09-22 04:00:00,103.8,178.8,84.9,0.0,36.9,829.0
2026-09-22 05:00:00,107.8,163.9,83.9,2.0,37.9,815.0
2026-09-22 06:00:00,102.7,161.6,72.2,31.0,36.3,933.0
2026-09-22 07:00:00,95.0,146.2,55.8,74.0,34.1,1113.0
2026-09-22 08:00:00,69.8,152.3,40.7,115.0,33.2,1188.0
2026-09-22 09:00:00,58.0,153.2,28.4,155.0,35.2,1050.0
2026-09-22 10:00:00,52.0,133.2,17.5,194.0,38.5,806.0
2026-09-22 11:00:00,50.3,115.9,9.7,223.0,39.6,609.0
2026-09-22 12:00:00,49.2,104.1,6.0,237.0,36.4,520.0
2026-09-22 13:00:00,48.0,95.9,5.3,242.0,31.0,479.0
2026-09-22 14:00:00,46.0,90.8,6.2,238.0,26.7,458.0
2026-09-22 15:00:00,44.4,89.4,8.6,225.0,24.5,446.0
2026-09-22 16:00:00,44.0,93.4,12.5,205.0,23.3,454.0
2026-09-22 17:00:00,43.2,94.8,16.1,179.0,22.3,484.0
2026-09-22 18:00:00,46.2,100.4,21.9,157.0,23.9,546.0
2026-09-22 19:00:00,50.1,106.4,30.0,126.0,26.1,631.0
2026-09-22 20:00:00,53.7,112.2,36.7,100.0,27.8,716.0
2026-09-22 21:00:00,58.0,119.0,40.5,84.0,28.5,802.0
2026-09-22 22:00:00,61.2,126.2,42.8,73.0,28.8,888.0
2026-09-22 23:00:00,63.3,131.8,45.0,63.0,28.9,948.0
2026-09-23 00:00:00,65.7,138.8,47.3,54.0,28.9,967.0
2026-09-23 01:00:00,68.9,146.7,49.3,47.0,28.9,960.0
2026-09-23 02:00:00,71.2,150.9,51.3,41.0,29.0,950.0
2026-09-23 03:00:00,72.6,152.3,54.4,31.0,29.3,941.0
2026-09-23 04:00:00,74.3,153.7,57.5,21.0,29.8,928.0
2026-09-23 05:00:00,62.9,120.1,33.8,59.0,24.8,923.0
2026-09-23 06:00:00,70.3,123.9,32.7,75.0,27.0,944.0
2026-09-23 07:00:00,74.3,112.7,30.9,99.0,30.1,972.0
2026-09-23 08:00:00,63.1,96.2,28.1,126.0,33.0,961.0
2026-09-23 09:00:00,60.8,88.5,23.4,158.0,36.0,874.0
2026-09-23 10:00:00,57.7,82.7,17.6,193.0,38.7,749.0
2026-09-23 11:00:00,55.5,78.2,12.9,220.0,39.4,650.0
2026-09-23 12:00:00,54.0,73.8,9.8,236.0,36.3,604.0
2026-09-23 13:00:00,52.9,70.5,7.9,243.0,31.1,584.0
2026-09-23 14:00:00,52.2,68.9,7.8,243.0,27.0,576.0
2026-09-23 15:00:00,53.1,69.4,9.9,233.0,25.0,579.0
2026-09-23 16:00:00,56.0,71.2,13.9,216.0,24.2,593.0
2026-09-23 17:00:00,62.9,76.4,21.5,188.0,25.7,609.0
2026-09-23 18:00:00,69.6,84.8,27.5,163.0,27.5,606.0
2026-09-23 19:00:00,79.4,95.2,36.0,128.0,30.1,604.0
2026-09-23 20:00:00,87.5,102.9,43.8,97.0,32.3,651.0
2026-09-23 21:00:00,97.8,111.8,51.3,75.0,34.3,811.0
2026-09-23 22:00:00,108.0,122.0,58.0,57.0,36.0,1020.0
2026-09-23 23:00:00,109.7,126.2,59.9,47.0,36.2,1134.0
2026-09-24 00:00:00,102.7,122.0,53.1,48.0,33.7,1065.0
2026-09-24 01:00:00,91.3,116.9,41.4,57.0,29.7,900.0
2026-09-24 02:00:00,76.1,112.7,31.9,63.0,26.6,759.0
2026-09-24 03:00:00,66.4,110.4,27.5,62.0,25.3,676.0
2026-09-24 04:00:00,58.3,102.4,25.2,58.0,24.9,616.0
2026-09-24 05:00:00,52.4,92.2,23.9,58.0,25.3,593.0
2026-09-24 06:00:00,50.3,85.2,23.8,60.0,26.8,641.0
2026-09-24 07:00:00,43.4,77.8,24.6,65.0,29.0,726.0
2026-09-24 08:00:00,34.6,62.6,23.9,81.0,31.0,762.0
2026-09-24 09:00:00,32.1,52.3,20.1,116.0,32.5,694.0
2026-09-24 10:00:00,35.9,50.6,14.8,162.0,33.7,577.0
2026-09-24 11:00:00,41.0,59.0,10.7,199.0,33.9,484.0
2026-09-24 12:00:00,44.2,61.7,8.3,219.0,32.3,445.0
2026-09-24 13:00:00,44.7,58.7,7.1,230.0,29.7,430.0
2026-09-24 14:00:00,44.4,56.3,7.6,232.0,27.7,427.0
2026-09-24 15:00:00,44.0,57.0,10.6,223.0,27.0,433.0
2026-09-24 16:00:00,43.9,55.9,15.3,206.0,27.0,450.0
2026-09-24 17:00:00,45.3,55.3,20.1,184.0,27.4,476.0
2026-09-24 18:00:00,48.9,58.1,25.1,156.0,28.6,518.0
2026-09-24 19:00:00,48.7,61.2,30.1,124.0,30.1,569.0
2026-09-24 20:00:00,44.6,65.7,33.0,99.0,30.9,600.0
2026-09-24 21:00:00,41.6,72.9,32.4,88.0,30.1,603.0
2026-09-24 22:00:00,39.3,78.2,29.6,85.0,28.5,588.0
2026-09-24 23:00:00,37.0,84.3,26.8,82.0,27.1,553.0
2026-09-25 00:00:00,34.6,86.6,24.2,76.0,26.4,485.0
2026-09-25 01:00:00,31.1,82.0,21.6,69.0,25.9,398.0
2026-09-25 02:00:00,27.5,72.6,20.2,62.0,25.5,335.0
2026-09-25 03:00:00,24.4,61.0,21.3,52.0,25.0,311.0
2026-09-25 04:00:00,22.6,49.5,23.7,40.0,24.7,312.0
2026-09-25 05:00:00,22.0,40.6,25.2,35.0,25.1,335.0
2026-09-25 06:00:00,24.9,37.7,24.9,37.0,27.1,400.0
2026-09-25 07:00:00,23.9,33.6,23.7,46.0,30.0,488.0
2026-09-25 08:00:00,19.8,28.2,21.6,59.0,31.5,537.0
2026-09-25 09:00:00,17.7,28.9,18.0,80.0,30.6,506.0
2026-09-25 10:00:00,17.4,34.3,13.6,107.0,28.5,437.0
2026-09-25 11:00:00,17.8,36.9,10.2,131.0,26.6,389.0
2026-09-25 12:00:00,17.5,29.9,8.1,150.0,25.1,390.0
2026-09-25 13:00:00,19.0,31.2,7.1,167.0,23.7,413.0
2026-09-25 14:00:00,21.2,34.7,7.7,176.0,23.2,439.0
2026-09-25 15:00:00,23.1,36.1,10.7,177.0,24.1,471.0
2026-09-25 16:00:00,24.9,37.1,15.4,172.0,25.9,507.0
2026-09-25 17:00:00,28.2,38.1,20.6,159.0,27.6,522.0
2026-09-25 18:00:00,34.5,45.9,26.8,134.0,29.1,497.0
2026-09-25 19:00:00,37.0,54.0,33.4,102.0,30.5,452.0
2026-09-25 20:00:00,33.8,62.6,37.7,75.0,31.5,424.0
2026-09-25 21:00:00,29.6,68.5,37.7,60.0,31.8,440.0
2026-09-25 22:00:00,26.4,66.1,35.4,51.0,31.6,473.0
2026-09-25 23:00:00,24.3,58.9,33.4,44.0,31.1,484.0
2026-09-26 00:00:00,22.6,53.2,32.4,39.0,30.0,448.0
2026-09-26 01:00:00,21.2,43.1,31.7,36.0,28.5,390.0
2026-09-26 02:00:00,21.0,35.9,32.2,33.0,27.6,344.0
2026-09-26 03:00:00,22.4,34.7,35.0,26.0,27.6,315.0
2026-09-26 04:00:00,24.4,35.0,39.0,19.0,28.1,299.0
2026-09-26 05:00:00,25.7,33.9,41.2,16.0,28.8,311.0
2026-09-26 06:00:00,27.9,34.5,40.5,19.0,29.7,385.0
2026-09-26 07:00:00,30.6,37.7,38.0,26.0,30.7,487.0
2026-09-26 08:00:00,26.3,34.9,34.7,37.0,31.1,537.0
2026-09-26 09:00:00,22.9,34.7,30.2,52.0,30.7,479.0
2026-09-26 10:00:00,22.0,39.8,24.8,71.0,29.8,368.0
2026-09-26 11:00:00,22.3,46.0,20.2,87.0,28.4,286.0
2026-09-26 12:00:00,22.8,49.8,16.8,101.0,26.4,266.0
2026-09-26 13:00:00,22.4,41.7,14.1,113.0,23.9,276.0
2026-09-26 14:00:00,21.0,46.9,12.9,119.0,21.6,299.0
2026-09-26 15:00:00,19.4,45.8,13.6,116.0,19.3,344.0
2026-09-26 16:00:00,19.2,42.8,15.6,106.0,17.2,403.0
2026-09-26 17:00:00,20.4,40.6,18.0,97.0,15.8,437.0
2026-09-26 18:00:00,23.5,40.2,20.9,88.0,15.3,424.0
2026-09-26 19:00:00,26.5,45.1,24.0,78.0,15.6,385.0
2026-09-26 20:00:00,28.5,52.5,25.7,74.0,17.3,350.0
2026-09-26 21:00:00,30.7,60.8,25.0,78.0,21.7,327.0
2026-09-26 22:00:00,34.3,72.4,22.8,88.0,27.5,307.0
2026-09-26 23:00:00,39.5,91.7,20.2,99.0,31.0,290.0
2026-09-27 00:00:00,44.4,114.6,16.9,112.0,30.1,271.0
2026-09-27 01:00:00,48.8,133.6,13.1,126.0,26.9,255.0
2026-09-27 02:00:00,52.4,149.5,10.5,135.0,24.7,259.0
2026-09-27 03:00:00,55.4,162.5,9.5,137.0,24.8,293.0
2026-09-27 04:00:00,60.3,178.3,9.6,135.0,25.8,346.0
2026-09-27 05:00:00,61.5,171.8,11.0,130.0,26.5,404.0
2026-09-27 06:00:00,65.0,177.4,15.3,118.0,26.6,479.0
2026-09-27 07:00:00,70.1,183.5,21.0,102.0,26.4,559.0
2026-09-27 08:00:00,73.3,191.9,23.5,101.0,25.9,592.0
2026-09-27 09:00:00,77.3,231.9,19.6,126.0,25.0,539.0
2026-09-27 10:00:00,80.1,254.3,12.5,164.0,23.8,440.0
2026-09-27 11:00:00,79.4,242.1,7.1,195.0,22.9,360.0
2026-09-27 12:00:00,73.1,209.1,5.2,212.0,22.4,317.0
2026-09-27 13:00:00,65.9,170.4,5.1,221.0,22.1,293.0
2026-09-27 14:00:00,60.3,140.6,5.9,221.0,21.9,304.0
2026-09-27 15:00:00,54.8,119.2,7.8,208.0,21.6,363.0
2026-09-27 16:00:00,47.0,97.6,10.7,185.0,21.3,458.0
2026-09-27 17:00:00,37.1,76.1,13.6,160.0,21.2,565.0
2026-09-27 18:00:00,28.8,62.4,16.5,130.0,21.4,708.0
2026-09-27 19:00:00,24.0,56.9,19.5,98.0,21.8,865.0
2026-09-27 20:00:00,21.7,54.8,21.6,73.0,21.6,940.0
2026-09-27 21:00:00,20.8,53.2,22.3,61.0,20.5,870.0
2026-09-27 22:00:00,19.8,48.2,22.1,57.0,18.9,719.0
2026-09-27 23:00:00,18.5,43.4,21.8,53.0,17.6,589.0
2026-09-28 00:00:00,17.2,39.0,21.3,49.0,16.8,513.0
2026-09-28 01:00:00,16.8,36.2,20.7,46.0,16.3,458.0
2026-09-28 02:00:00,16.5,31.5,20.8,42.0,16.3,420.0
2026-09-28 03:00:00,17.4,27.9,22.5,34.0,16.9,403.0
2026-09-28 04:00:00,18.9,25.4,25.0,26.0,18.0,404.0
2026-09-28 05:00:00,21.1,25.3,26.7,23.0,20.1,401.0
2026-09-28 06:00:00,25.3,29.2,27.2,27.0,24.0,413.5
2026-09-28 07:00:00,28.3,34.2,27.0,37.0,28.8,452.3
2026-09-28 08:00:00,25.0,32.9,25.8,53.0,32.5,492.0
2026-09-28 09:00:00,24.3,35.6,23.0,81.0,34.5,475.0
2026-09-28 10:00:00,23.6,40.5,19.2,117.0,35.5,435.0
2026-09-28 11:00:00,23.3,46.0,15.7,146.0,35.1,402.0
2026-09-28 12:00:00,24.5,50.4,12.6,166.0,32.6,385.0
2026-09-28 13:00:00,25.5,46.3,9.7,180.0,28.8,374.0
2026-09-28 14:00:00,25.2,40.9,8.6,184.0,25.5,368.0
2026-09-28 15:00:00,23.7,36.8,10.4,173.0,23.5,370.0
2026-09-28 16:00:00,21.4,32.6,13.9,152.0,22.0,378.0
2026-09-28 17:00:00,19.6,37.1,16.5,136.0,21.1,384.0
2026-09-28 18:00:00,,,,,,
2026-09-28 19:00:00,,,,,,
2026-09-28 20:00:00,,,,,,
2026-09-28 21:00:00,,,,,,
2026-09-28 22:00:00,,,,,,
2026-09-28 23:00:00,,,,,,
